Suburb,Trail,Length,Difficulty Level
DOVETON Victoria,STATION TRAIL,6 km,Easy
DOVETON Victoria,FERNDALE PARK TRAIL,2.4 km,Easy
DOVETON Victoria,GARDINER'S CREEK TRAIL,17 km,Easy
WANTIRNA Victoria,KOONUNG CREEK TRAIL,13.5 km ,Easy
WANTIRNA Victoria,FERNDALE PARK TRAIL,2.4 km,Easy
WANTIRNA Victoria,STATION TRAIL,6 km,Easy
MITCHAM Victoria,KOONUNG CREEK TRAIL,13.5 km ,Easy
MITCHAM Victoria,FERNDALE PARK TRAIL,2.4 km,Easy
MITCHAM Victoria,OUTER CIRCLE RAIL TRAIL,17 km,Easy - Medium
WESTMEADOWS Victoria,MOONEE PONDS CREEK TRAIL,25 km,Easy
WESTMEADOWS Victoria,MERRI CREEK TRAIL,21 km,Medium
WESTMEADOWS Victoria,FEDERATION TRAIL,23 km,Easy
BAYSWATER Victoria,KOONUNG CREEK TRAIL,13.5 km ,Easy
BAYSWATER Victoria,STATION TRAIL,6 km,Easy
BAYSWATER Victoria,FERNDALE PARK TRAIL,2.4 km,Easy
CHELTENHAM Victoria,STATION TRAIL,6 km,Easy
CHELTENHAM Victoria,BAY TRAIL,49.8 km,Easy
CHELTENHAM Victoria,GARDINER'S CREEK TRAIL,17 km,Easy
COBURG Victoria,MERRI CREEK TRAIL,21 km,Medium
COBURG Victoria,MOONEE PONDS CREEK TRAIL,25 km,Easy
COBURG Victoria,CAPITAL CITY TRAIL,29 km ,Easy - Medium
BEAUMARIS Victoria,BAY TRAIL,49.8 km,Easy
BEAUMARIS Victoria,STATION TRAIL,6 km,Easy
BEAUMARIS Victoria,GARDINER'S CREEK TRAIL,17 km,Easy
MOOROOLBARK Victoria,PLENTY RIVER TRAIL,12.3 km,Medium
MOOROOLBARK Victoria,KOONUNG CREEK TRAIL,13.5 km ,Easy
MOOROOLBARK Victoria,MAIN YARRA TRAIL,22 km,Easy - Medium
MORDIALLOC Victoria,STATION TRAIL,6 km,Easy
MORDIALLOC Victoria,BAY TRAIL,49.8 km,Easy
MORDIALLOC Victoria,FERNDALE PARK TRAIL,2.4 km,Easy
CHADSTONE Victoria,STATION TRAIL,6 km,Easy
CHADSTONE Victoria,FERNDALE PARK TRAIL,2.4 km,Easy
CHADSTONE Victoria,GARDINER'S CREEK TRAIL,17 km,Easy
KINGSBURY Victoria,MAIN YARRA TRAIL,22 km,Easy - Medium
KINGSBURY Victoria,MERRI CREEK TRAIL,21 km,Medium
KINGSBURY Victoria,PLENTY RIVER TRAIL,12.3 km,Medium
HEATHMONT Victoria,KOONUNG CREEK TRAIL,13.5 km ,Easy
HEATHMONT Victoria,FERNDALE PARK TRAIL,2.4 km,Easy
HEATHMONT Victoria,PLENTY RIVER TRAIL,12.3 km,Medium
EPPING Victoria,MERRI CREEK TRAIL,21 km,Medium
EPPING Victoria,PLENTY RIVER TRAIL,12.3 km,Medium
EPPING Victoria,MOONEE PONDS CREEK TRAIL,25 km,Easy
RINGWOOD Victoria,KOONUNG CREEK TRAIL,13.5 km ,Easy
RINGWOOD Victoria,PLENTY RIVER TRAIL,12.3 km,Medium
RINGWOOD Victoria,MAIN YARRA TRAIL,22 km,Easy - Medium
DONCASTER Victoria,KOONUNG CREEK TRAIL,13.5 km ,Easy
DONCASTER Victoria,MAIN YARRA TRAIL,22 km,Easy - Medium
DONCASTER Victoria,PLENTY RIVER TRAIL,12.3 km,Medium
BUNDOORA Victoria,PLENTY RIVER TRAIL,12.3 km,Medium
BUNDOORA Victoria,MAIN YARRA TRAIL,22 km,Easy - Medium
BUNDOORA Victoria,KOONUNG CREEK TRAIL,13.5 km ,Easy
ORMOND Victoria,STATION TRAIL,6 km,Easy
ORMOND Victoria,GARDINER'S CREEK TRAIL,17 km,Easy
ORMOND Victoria,BAY TRAIL,49.8 km,Easy
CLAYTON Victoria,STATION TRAIL,6 km,Easy
CLAYTON Victoria,FERNDALE PARK TRAIL,2.4 km,Easy
CLAYTON Victoria,GARDINER'S CREEK TRAIL,17 km,Easy
BENTLEIGH Victoria,BAY TRAIL,49.8 km,Easy
BENTLEIGH Victoria,STATION TRAIL,6 km,Easy
BENTLEIGH Victoria,GARDINER'S CREEK TRAIL,17 km,Easy
GOWANBRAE Victoria,MOONEE PONDS CREEK TRAIL,25 km,Easy
GOWANBRAE Victoria,MERRI CREEK TRAIL,21 km,Medium
GOWANBRAE Victoria,FEDERATION TRAIL,23 km,Easy
DANDENONG Victoria,STATION TRAIL,6 km,Easy
DANDENONG Victoria,FERNDALE PARK TRAIL,2.4 km,Easy
DANDENONG Victoria,GARDINER'S CREEK TRAIL,17 km,Easy
ABBOTSFORD Victoria,CAPITAL CITY TRAIL,29 km ,Easy - Medium
ABBOTSFORD Victoria,MERRI CREEK TRAIL,21 km,Medium
ABBOTSFORD Victoria,SANDRIDGE RAIL TRAIL,3 km,Easy
GREENSBOROUGH Victoria,PLENTY RIVER TRAIL,12.3 km,Medium
GREENSBOROUGH Victoria,MAIN YARRA TRAIL,22 km,Easy - Medium
GREENSBOROUGH Victoria,KOONUNG CREEK TRAIL,13.5 km ,Easy
BRUNSWICK WEST Victoria,MOONEE PONDS CREEK TRAIL,25 km,Easy
BRUNSWICK WEST Victoria,MERRI CREEK TRAIL,21 km,Medium
BRUNSWICK WEST Victoria,CAPITAL CITY TRAIL,29 km ,Easy - Medium
SEABROOK Victoria,FEDERATION TRAIL,23 km,Easy
SEABROOK Victoria,SANDRIDGE RAIL TRAIL,3 km,Easy
SEABROOK Victoria,MOONEE PONDS CREEK TRAIL,25 km,Easy
GREENVALE Victoria,MOONEE PONDS CREEK TRAIL,25 km,Easy
GREENVALE Victoria,MERRI CREEK TRAIL,21 km,Medium
GREENVALE Victoria,FEDERATION TRAIL,23 km,Easy
FAWKNER Victoria,MERRI CREEK TRAIL,21 km,Medium
FAWKNER Victoria,MOONEE PONDS CREEK TRAIL,25 km,Easy
FAWKNER Victoria,CAPITAL CITY TRAIL,29 km ,Easy - Medium
MAIDSTONE Victoria,FEDERATION TRAIL,23 km,Easy
MAIDSTONE Victoria,MOONEE PONDS CREEK TRAIL,25 km,Easy
MAIDSTONE Victoria,SANDRIDGE RAIL TRAIL,3 km,Easy
ALTONA Victoria,FEDERATION TRAIL,23 km,Easy
ALTONA Victoria,SANDRIDGE RAIL TRAIL,3 km,Easy
ALTONA Victoria,MOONEE PONDS CREEK TRAIL,25 km,Easy
CRAIGIEBURN Victoria,MOONEE PONDS CREEK TRAIL,25 km,Easy
CRAIGIEBURN Victoria,MERRI CREEK TRAIL,21 km,Medium
CRAIGIEBURN Victoria,PLENTY RIVER TRAIL,12.3 km,Medium
BRUNSWICK Victoria,MERRI CREEK TRAIL,21 km,Medium
BRUNSWICK Victoria,MOONEE PONDS CREEK TRAIL,25 km,Easy
BRUNSWICK Victoria,CAPITAL CITY TRAIL,29 km ,Easy - Medium
VIEWBANK Victoria,PLENTY RIVER TRAIL,12.3 km,Medium
VIEWBANK Victoria,MAIN YARRA TRAIL,22 km,Easy - Medium
VIEWBANK Victoria,KOONUNG CREEK TRAIL,13.5 km ,Easy
KNOXFIELD Victoria,STATION TRAIL,6 km,Easy
KNOXFIELD Victoria,FERNDALE PARK TRAIL,2.4 km,Easy
KNOXFIELD Victoria,OUTER CIRCLE RAIL TRAIL,17 km,Easy - Medium
RESERVOIR Victoria,MERRI CREEK TRAIL,21 km,Medium
RESERVOIR Victoria,MAIN YARRA TRAIL,22 km,Easy - Medium
RESERVOIR Victoria,MOONEE PONDS CREEK TRAIL,25 km,Easy
RICHMOND Victoria,CAPITAL CITY TRAIL,29 km ,Easy - Medium
RICHMOND Victoria,SANDRIDGE RAIL TRAIL,3 km,Easy
RICHMOND Victoria,MERRI CREEK TRAIL,21 km,Medium
PLENTY Victoria,PLENTY RIVER TRAIL,12.3 km,Medium
PLENTY Victoria,MAIN YARRA TRAIL,22 km,Easy - Medium
PLENTY Victoria,KOONUNG CREEK TRAIL,13.5 km ,Easy
PARKDALE Victoria,STATION TRAIL,6 km,Easy
PARKDALE Victoria,BAY TRAIL,49.8 km,Easy
PARKDALE Victoria,GARDINER'S CREEK TRAIL,17 km,Easy
MURRUMBEENA Victoria,STATION TRAIL,6 km,Easy
MURRUMBEENA Victoria,FERNDALE PARK TRAIL,2.4 km,Easy
MURRUMBEENA Victoria,GARDINER'S CREEK TRAIL,17 km,Easy
MULGRAVE Victoria,STATION TRAIL,6 km,Easy
MULGRAVE Victoria,FERNDALE PARK TRAIL,2.4 km,Easy
MULGRAVE Victoria,GARDINER'S CREEK TRAIL,17 km,Easy
WINDSOR Victoria,CAPITAL CITY TRAIL,29 km ,Easy - Medium
WINDSOR Victoria,SANDRIDGE RAIL TRAIL,3 km,Easy
WINDSOR Victoria,GARDINER'S CREEK TRAIL,17 km,Easy
CROYDON Victoria,PLENTY RIVER TRAIL,12.3 km,Medium
CROYDON Victoria,KOONUNG CREEK TRAIL,13.5 km ,Easy
CROYDON Victoria,MAIN YARRA TRAIL,22 km,Easy - Medium
BALWYN Victoria,KOONUNG CREEK TRAIL,13.5 km ,Easy
BALWYN Victoria,OUTER CIRCLE RAIL TRAIL,17 km,Easy - Medium
BALWYN Victoria,MAIN YARRA TRAIL,22 km,Easy - Medium
MACLEOD Victoria,PLENTY RIVER TRAIL,12.3 km,Medium
MACLEOD Victoria,MAIN YARRA TRAIL,22 km,Easy - Medium
MACLEOD Victoria,KOONUNG CREEK TRAIL,13.5 km ,Easy
MENTONE Victoria,BAY TRAIL,49.8 km,Easy
MENTONE Victoria,STATION TRAIL,6 km,Easy
MENTONE Victoria,GARDINER'S CREEK TRAIL,17 km,Easy
BRAYBROOK Victoria,FEDERATION TRAIL,23 km,Easy
BRAYBROOK Victoria,MOONEE PONDS CREEK TRAIL,25 km,Easy
BRAYBROOK Victoria,SANDRIDGE RAIL TRAIL,3 km,Easy
FOOTSCRAY Victoria,SANDRIDGE RAIL TRAIL,3 km,Easy
FOOTSCRAY Victoria,MOONEE PONDS CREEK TRAIL,25 km,Easy
FOOTSCRAY Victoria,FEDERATION TRAIL,23 km,Easy
ROWVILLE Victoria,STATION TRAIL,6 km,Easy
ROWVILLE Victoria,FERNDALE PARK TRAIL,2.4 km,Easy
ROWVILLE Victoria,GARDINER'S CREEK TRAIL,17 km,Easy
SPRINGVALE Victoria,STATION TRAIL,6 km,Easy
SPRINGVALE Victoria,FERNDALE PARK TRAIL,2.4 km,Easy
SPRINGVALE Victoria,GARDINER'S CREEK TRAIL,17 km,Easy
HADFIELD Victoria,MOONEE PONDS CREEK TRAIL,25 km,Easy
HADFIELD Victoria,MERRI CREEK TRAIL,21 km,Medium
HADFIELD Victoria,CAPITAL CITY TRAIL,29 km ,Easy - Medium
SUNSHINE Victoria,FEDERATION TRAIL,23 km,Easy
SUNSHINE Victoria,MOONEE PONDS CREEK TRAIL,25 km,Easy
SUNSHINE Victoria,SANDRIDGE RAIL TRAIL,3 km,Easy
HIGHETT Victoria,BAY TRAIL,49.8 km,Easy
HIGHETT Victoria,STATION TRAIL,6 km,Easy
HIGHETT Victoria,GARDINER'S CREEK TRAIL,17 km,Easy
BROADMEADOWS Victoria,MOONEE PONDS CREEK TRAIL,25 km,Easy
BROADMEADOWS Victoria,MERRI CREEK TRAIL,21 km,Medium
BROADMEADOWS Victoria,CAPITAL CITY TRAIL,29 km ,Easy - Medium
KEYSBOROUGH Victoria,STATION TRAIL,6 km,Easy
KEYSBOROUGH Victoria,FERNDALE PARK TRAIL,2.4 km,Easy
KEYSBOROUGH Victoria,GARDINER'S CREEK TRAIL,17 km,Easy
BLACKBURN Victoria,KOONUNG CREEK TRAIL,13.5 km ,Easy
BLACKBURN Victoria,OUTER CIRCLE RAIL TRAIL,17 km,Easy - Medium
BLACKBURN Victoria,FERNDALE PARK TRAIL,2.4 km,Easy
GLENROY Victoria,MOONEE PONDS CREEK TRAIL,25 km,Easy
GLENROY Victoria,MERRI CREEK TRAIL,21 km,Medium
GLENROY Victoria,CAPITAL CITY TRAIL,29 km ,Easy - Medium
BURWOOD Victoria,FERNDALE PARK TRAIL,2.4 km,Easy
BURWOOD Victoria,OUTER CIRCLE RAIL TRAIL,17 km,Easy - Medium
BURWOOD Victoria,GARDINER'S CREEK TRAIL,17 km,Easy
FITZROY Victoria,CAPITAL CITY TRAIL,29 km ,Easy - Medium
FITZROY Victoria,MERRI CREEK TRAIL,21 km,Medium
FITZROY Victoria,SANDRIDGE RAIL TRAIL,3 km,Easy
CARNEGIE Victoria,STATION TRAIL,6 km,Easy
CARNEGIE Victoria,GARDINER'S CREEK TRAIL,17 km,Easy
CARNEGIE Victoria,FERNDALE PARK TRAIL,2.4 km,Easy
TRUGANINA Victoria,FEDERATION TRAIL,23 km,Easy
TRUGANINA Victoria,MOONEE PONDS CREEK TRAIL,25 km,Easy
TRUGANINA Victoria,SANDRIDGE RAIL TRAIL,3 km,Easy
SANDRINGHAM Victoria,BAY TRAIL,49.8 km,Easy
SANDRINGHAM Victoria,STATION TRAIL,6 km,Easy
SANDRINGHAM Victoria,GARDINER'S CREEK TRAIL,17 km,Easy
THORNBURY Victoria,MERRI CREEK TRAIL,21 km,Medium
THORNBURY Victoria,CAPITAL CITY TRAIL,29 km ,Easy - Medium
THORNBURY Victoria,MAIN YARRA TRAIL,22 km,Easy - Medium
KEILOR Victoria,MOONEE PONDS CREEK TRAIL,25 km,Easy
KEILOR Victoria,FEDERATION TRAIL,23 km,Easy
KEILOR Victoria,MERRI CREEK TRAIL,21 km,Medium
CAMBERWELL Victoria,OUTER CIRCLE RAIL TRAIL,17 km,Easy - Medium
CAMBERWELL Victoria,FERNDALE PARK TRAIL,2.4 km,Easy
CAMBERWELL Victoria,GARDINER'S CREEK TRAIL,17 km,Easy
YARRAVILLE Victoria,SANDRIDGE RAIL TRAIL,3 km,Easy
YARRAVILLE Victoria,FEDERATION TRAIL,23 km,Easy
YARRAVILLE Victoria,MOONEE PONDS CREEK TRAIL,25 km,Easy
WATSONIA Victoria,PLENTY RIVER TRAIL,12.3 km,Medium
WATSONIA Victoria,MAIN YARRA TRAIL,22 km,Easy - Medium
WATSONIA Victoria,KOONUNG CREEK TRAIL,13.5 km ,Easy
CAMPBELLFIELD Victoria,MOONEE PONDS CREEK TRAIL,25 km,Easy
CAMPBELLFIELD Victoria,MERRI CREEK TRAIL,21 km,Medium
CAMPBELLFIELD Victoria,CAPITAL CITY TRAIL,29 km ,Easy - Medium
BRIGHTON Victoria,BAY TRAIL,49.8 km,Easy
BRIGHTON Victoria,GARDINER'S CREEK TRAIL,17 km,Easy
BRIGHTON Victoria,STATION TRAIL,6 km,Easy
EUMEMMERRING Victoria,STATION TRAIL,6 km,Easy
EUMEMMERRING Victoria,FERNDALE PARK TRAIL,2.4 km,Easy
EUMEMMERRING Victoria,GARDINER'S CREEK TRAIL,17 km,Easy
LILYDALE Victoria,PLENTY RIVER TRAIL,12.3 km,Medium
LILYDALE Victoria,KOONUNG CREEK TRAIL,13.5 km ,Easy
LILYDALE Victoria,MAIN YARRA TRAIL,22 km,Easy - Medium
NUNAWADING Victoria,KOONUNG CREEK TRAIL,13.5 km ,Easy
NUNAWADING Victoria,OUTER CIRCLE RAIL TRAIL,17 km,Easy - Medium
NUNAWADING Victoria,FERNDALE PARK TRAIL,2.4 km,Easy
BONBEACH Victoria,STATION TRAIL,6 km,Easy
BONBEACH Victoria,BAY TRAIL,49.8 km,Easy
BONBEACH Victoria,FERNDALE PARK TRAIL,2.4 km,Easy
PRAHRAN Victoria,CAPITAL CITY TRAIL,29 km ,Easy - Medium
PRAHRAN Victoria,SANDRIDGE RAIL TRAIL,3 km,Easy
PRAHRAN Victoria,GARDINER'S CREEK TRAIL,17 km,Easy
CANTERBURY Victoria,OUTER CIRCLE RAIL TRAIL,17 km,Easy - Medium
CANTERBURY Victoria,FERNDALE PARK TRAIL,2.4 km,Easy
CANTERBURY Victoria,GARDINER'S CREEK TRAIL,17 km,Easy
CAIRNLEA Victoria,FEDERATION TRAIL,23 km,Easy
CAIRNLEA Victoria,MOONEE PONDS CREEK TRAIL,25 km,Easy
CAIRNLEA Victoria,SANDRIDGE RAIL TRAIL,3 km,Easy
KENSINGTON Victoria,SANDRIDGE RAIL TRAIL,3 km,Easy
KENSINGTON Victoria,MOONEE PONDS CREEK TRAIL,25 km,Easy
KENSINGTON Victoria,CAPITAL CITY TRAIL,29 km ,Easy - Medium
ASHWOOD Victoria,FERNDALE PARK TRAIL,2.4 km,Easy
ASHWOOD Victoria,STATION TRAIL,6 km,Easy
ASHWOOD Victoria,GARDINER'S CREEK TRAIL,17 km,Easy
HEIDELBERG Victoria,MAIN YARRA TRAIL,22 km,Easy - Medium
HEIDELBERG Victoria,KOONUNG CREEK TRAIL,13.5 km ,Easy
HEIDELBERG Victoria,PLENTY RIVER TRAIL,12.3 km,Medium
HUGHESDALE Victoria,STATION TRAIL,6 km,Easy
HUGHESDALE Victoria,FERNDALE PARK TRAIL,2.4 km,Easy
HUGHESDALE Victoria,GARDINER'S CREEK TRAIL,17 km,Easy
CLARINDA Victoria,STATION TRAIL,6 km,Easy
CLARINDA Victoria,FERNDALE PARK TRAIL,2.4 km,Easy
CLARINDA Victoria,GARDINER'S CREEK TRAIL,17 km,Easy
STRATHMORE Victoria,MOONEE PONDS CREEK TRAIL,25 km,Easy
STRATHMORE Victoria,MERRI CREEK TRAIL,21 km,Medium
STRATHMORE Victoria,CAPITAL CITY TRAIL,29 km ,Easy - Medium
JACANA Victoria,MOONEE PONDS CREEK TRAIL,25 km,Easy
JACANA Victoria,MERRI CREEK TRAIL,21 km,Medium
JACANA Victoria,CAPITAL CITY TRAIL,29 km ,Easy - Medium
ELTHAM Victoria,PLENTY RIVER TRAIL,12.3 km,Medium
ELTHAM Victoria,MAIN YARRA TRAIL,22 km,Easy - Medium
ELTHAM Victoria,KOONUNG CREEK TRAIL,13.5 km ,Easy
ARMADALE Victoria,GARDINER'S CREEK TRAIL,17 km,Easy
ARMADALE Victoria,OUTER CIRCLE RAIL TRAIL,17 km,Easy - Medium
ARMADALE Victoria,FERNDALE PARK TRAIL,2.4 km,Easy
ABERFELDIE Victoria,MOONEE PONDS CREEK TRAIL,25 km,Easy
ABERFELDIE Victoria,MERRI CREEK TRAIL,21 km,Medium
ABERFELDIE Victoria,SANDRIDGE RAIL TRAIL,3 km,Easy
BULLEEN Victoria,KOONUNG CREEK TRAIL,13.5 km ,Easy
BULLEEN Victoria,MAIN YARRA TRAIL,22 km,Easy - Medium
BULLEEN Victoria,PLENTY RIVER TRAIL,12.3 km,Medium
THOMASTOWN Victoria,MERRI CREEK TRAIL,21 km,Medium
THOMASTOWN Victoria,PLENTY RIVER TRAIL,12.3 km,Medium
THOMASTOWN Victoria,MAIN YARRA TRAIL,22 km,Easy - Medium
IVANHOE Victoria,MAIN YARRA TRAIL,22 km,Easy - Medium
IVANHOE Victoria,KOONUNG CREEK TRAIL,13.5 km ,Easy
IVANHOE Victoria,MERRI CREEK TRAIL,21 km,Medium
MALVERN Victoria,GARDINER'S CREEK TRAIL,17 km,Easy
MALVERN Victoria,FERNDALE PARK TRAIL,2.4 km,Easy
MALVERN Victoria,OUTER CIRCLE RAIL TRAIL,17 km,Easy - Medium
ELSTERNWICK Victoria,BAY TRAIL,49.8 km,Easy
ELSTERNWICK Victoria,GARDINER'S CREEK TRAIL,17 km,Easy
ELSTERNWICK Victoria,FERNDALE PARK TRAIL,2.4 km,Easy
HAWTHORN Victoria,OUTER CIRCLE RAIL TRAIL,17 km,Easy - Medium
HAWTHORN Victoria,GARDINER'S CREEK TRAIL,17 km,Easy
HAWTHORN Victoria,FERNDALE PARK TRAIL,2.4 km,Easy
BORONIA Victoria,STATION TRAIL,6 km,Easy
BORONIA Victoria,FERNDALE PARK TRAIL,2.4 km,Easy
BORONIA Victoria,KOONUNG CREEK TRAIL,13.5 km ,Easy
DEEPDENE Victoria,OUTER CIRCLE RAIL TRAIL,17 km,Easy - Medium
DEEPDENE Victoria,KOONUNG CREEK TRAIL,13.5 km ,Easy
DEEPDENE Victoria,FERNDALE PARK TRAIL,2.4 km,Easy
VERMONT Victoria,KOONUNG CREEK TRAIL,13.5 km ,Easy
VERMONT Victoria,FERNDALE PARK TRAIL,2.4 km,Easy
VERMONT Victoria,OUTER CIRCLE RAIL TRAIL,17 km,Easy - Medium
ELWOOD Victoria,BAY TRAIL,49.8 km,Easy
ELWOOD Victoria,SANDRIDGE RAIL TRAIL,3 km,Easy
ELWOOD Victoria,CAPITAL CITY TRAIL,29 km ,Easy - Medium
PARKVILLE Victoria,CAPITAL CITY TRAIL,29 km ,Easy - Medium
PARKVILLE Victoria,MERRI CREEK TRAIL,21 km,Medium
PARKVILLE Victoria,SANDRIDGE RAIL TRAIL,3 km,Easy
HUNTINGDALE Victoria,STATION TRAIL,6 km,Easy
HUNTINGDALE Victoria,FERNDALE PARK TRAIL,2.4 km,Easy
HUNTINGDALE Victoria,GARDINER'S CREEK TRAIL,17 km,Easy
DONVALE Victoria,KOONUNG CREEK TRAIL,13.5 km ,Easy
DONVALE Victoria,PLENTY RIVER TRAIL,12.3 km,Medium
DONVALE Victoria,MAIN YARRA TRAIL,22 km,Easy - Medium
ROSANNA Victoria,MAIN YARRA TRAIL,22 km,Easy - Medium
ROSANNA Victoria,PLENTY RIVER TRAIL,12.3 km,Medium
ROSANNA Victoria,KOONUNG CREEK TRAIL,13.5 km ,Easy
ASHBURTON Victoria,FERNDALE PARK TRAIL,2.4 km,Easy
ASHBURTON Victoria,GARDINER'S CREEK TRAIL,17 km,Easy
ASHBURTON Victoria,STATION TRAIL,6 km,Easy
MCKINNON Victoria,STATION TRAIL,6 km,Easy
MCKINNON Victoria,BAY TRAIL,49.8 km,Easy
MCKINNON Victoria,GARDINER'S CREEK TRAIL,17 km,Easy
ST HELENA Victoria,PLENTY RIVER TRAIL,12.3 km,Medium
ST HELENA Victoria,MAIN YARRA TRAIL,22 km,Easy - Medium
ST HELENA Victoria,KOONUNG CREEK TRAIL,13.5 km ,Easy
DELAHEY Victoria,FEDERATION TRAIL,23 km,Easy
DELAHEY Victoria,MOONEE PONDS CREEK TRAIL,25 km,Easy
DELAHEY Victoria,SANDRIDGE RAIL TRAIL,3 km,Easy
BROOKLYN Victoria,FEDERATION TRAIL,23 km,Easy
BROOKLYN Victoria,SANDRIDGE RAIL TRAIL,3 km,Easy
BROOKLYN Victoria,MOONEE PONDS CREEK TRAIL,25 km,Easy
HEATHERTON Victoria,STATION TRAIL,6 km,Easy
HEATHERTON Victoria,BAY TRAIL,49.8 km,Easy
HEATHERTON Victoria,FERNDALE PARK TRAIL,2.4 km,Easy
NORTHCOTE Victoria,MERRI CREEK TRAIL,21 km,Medium
NORTHCOTE Victoria,CAPITAL CITY TRAIL,29 km ,Easy - Medium
NORTHCOTE Victoria,MAIN YARRA TRAIL,22 km,Easy - Medium
KEW Victoria,OUTER CIRCLE RAIL TRAIL,17 km,Easy - Medium
KEW Victoria,CAPITAL CITY TRAIL,29 km ,Easy - Medium
KEW Victoria,KOONUNG CREEK TRAIL,13.5 km ,Easy
HALLAM Victoria,STATION TRAIL,6 km,Easy
HALLAM Victoria,FERNDALE PARK TRAIL,2.4 km,Easy
HALLAM Victoria,GARDINER'S CREEK TRAIL,17 km,Easy
HAMPTON Victoria,BAY TRAIL,49.8 km,Easy
HAMPTON Victoria,STATION TRAIL,6 km,Easy
HAMPTON Victoria,GARDINER'S CREEK TRAIL,17 km,Easy
KILSYTH Victoria,PLENTY RIVER TRAIL,12.3 km,Medium
KILSYTH Victoria,KOONUNG CREEK TRAIL,13.5 km ,Easy
KILSYTH Victoria,MAIN YARRA TRAIL,22 km,Easy - Medium
LALOR Victoria,MERRI CREEK TRAIL,21 km,Medium
LALOR Victoria,PLENTY RIVER TRAIL,12.3 km,Medium
LALOR Victoria,MAIN YARRA TRAIL,22 km,Easy - Medium
ASPENDALE Victoria,STATION TRAIL,6 km,Easy
ASPENDALE Victoria,BAY TRAIL,49.8 km,Easy
ASPENDALE Victoria,FERNDALE PARK TRAIL,2.4 km,Easy
WARRANWOOD Victoria,PLENTY RIVER TRAIL,12.3 km,Medium
WARRANWOOD Victoria,KOONUNG CREEK TRAIL,13.5 km ,Easy
WARRANWOOD Victoria,MAIN YARRA TRAIL,22 km,Easy - Medium
TULLAMARINE Victoria,MOONEE PONDS CREEK TRAIL,25 km,Easy
TULLAMARINE Victoria,MERRI CREEK TRAIL,21 km,Medium
TULLAMARINE Victoria,FEDERATION TRAIL,23 km,Easy
MOUNT EVELYN Victoria,PLENTY RIVER TRAIL,12.3 km,Medium
MOUNT EVELYN Victoria,KOONUNG CREEK TRAIL,13.5 km ,Easy
MOUNT EVELYN Victoria,MAIN YARRA TRAIL,22 km,Easy - Medium
SYDENHAM Victoria,FEDERATION TRAIL,23 km,Easy
SYDENHAM Victoria,MOONEE PONDS CREEK TRAIL,25 km,Easy
SYDENHAM Victoria,SANDRIDGE RAIL TRAIL,3 km,Easy
TRAVANCORE Victoria,MOONEE PONDS CREEK TRAIL,25 km,Easy
TRAVANCORE Victoria,MERRI CREEK TRAIL,21 km,Medium
TRAVANCORE Victoria,SANDRIDGE RAIL TRAIL,3 km,Easy
ALBANVALE Victoria,FEDERATION TRAIL,23 km,Easy
ALBANVALE Victoria,MOONEE PONDS CREEK TRAIL,25 km,Easy
ALBANVALE Victoria,SANDRIDGE RAIL TRAIL,3 km,Easy
CREMORNE Victoria,CAPITAL CITY TRAIL,29 km ,Easy - Medium
CREMORNE Victoria,SANDRIDGE RAIL TRAIL,3 km,Easy
CREMORNE Victoria,GARDINER'S CREEK TRAIL,17 km,Easy
COLLINGWOOD Victoria,CAPITAL CITY TRAIL,29 km ,Easy - Medium
COLLINGWOOD Victoria,MERRI CREEK TRAIL,21 km,Medium
COLLINGWOOD Victoria,SANDRIDGE RAIL TRAIL,3 km,Easy
ELTHAM NORTH Victoria,PLENTY RIVER TRAIL,12.3 km,Medium
ELTHAM NORTH Victoria,MAIN YARRA TRAIL,22 km,Easy - Medium
ELTHAM NORTH Victoria,KOONUNG CREEK TRAIL,13.5 km ,Easy
FLEMINGTON Victoria,MOONEE PONDS CREEK TRAIL,25 km,Easy
FLEMINGTON Victoria,SANDRIDGE RAIL TRAIL,3 km,Easy
FLEMINGTON Victoria,MERRI CREEK TRAIL,21 km,Medium
NIDDRIE Victoria,MOONEE PONDS CREEK TRAIL,25 km,Easy
NIDDRIE Victoria,FEDERATION TRAIL,23 km,Easy
NIDDRIE Victoria,MERRI CREEK TRAIL,21 km,Medium
OAKLEIGH Victoria,STATION TRAIL,6 km,Easy
OAKLEIGH Victoria,FERNDALE PARK TRAIL,2.4 km,Easy
OAKLEIGH Victoria,GARDINER'S CREEK TRAIL,17 km,Easy
SEAHOLME Victoria,FEDERATION TRAIL,23 km,Easy
SEAHOLME Victoria,SANDRIDGE RAIL TRAIL,3 km,Easy
SEAHOLME Victoria,MOONEE PONDS CREEK TRAIL,25 km,Easy
YALLAMBIE Victoria,PLENTY RIVER TRAIL,12.3 km,Medium
YALLAMBIE Victoria,MAIN YARRA TRAIL,22 km,Easy - Medium
YALLAMBIE Victoria,KOONUNG CREEK TRAIL,13.5 km ,Easy
ALBION Victoria,FEDERATION TRAIL,23 km,Easy
ALBION Victoria,MOONEE PONDS CREEK TRAIL,25 km,Easy
ALBION Victoria,SANDRIDGE RAIL TRAIL,3 km,Easy
ESSENDON Victoria,MOONEE PONDS CREEK TRAIL,25 km,Easy
ESSENDON Victoria,MERRI CREEK TRAIL,21 km,Medium
ESSENDON Victoria,SANDRIDGE RAIL TRAIL,3 km,Easy
MONTMORENCY Victoria,PLENTY RIVER TRAIL,12.3 km,Medium
MONTMORENCY Victoria,MAIN YARRA TRAIL,22 km,Easy - Medium
MONTMORENCY Victoria,KOONUNG CREEK TRAIL,13.5 km ,Easy
COOLAROO Victoria,MOONEE PONDS CREEK TRAIL,25 km,Easy
COOLAROO Victoria,MERRI CREEK TRAIL,21 km,Medium
COOLAROO Victoria,CAPITAL CITY TRAIL,29 km ,Easy - Medium
ARDEER Victoria,FEDERATION TRAIL,23 km,Easy
ARDEER Victoria,MOONEE PONDS CREEK TRAIL,25 km,Easy
ARDEER Victoria,SANDRIDGE RAIL TRAIL,3 km,Easy
TOORAK Victoria,GARDINER'S CREEK TRAIL,17 km,Easy
TOORAK Victoria,CAPITAL CITY TRAIL,29 km ,Easy - Medium
TOORAK Victoria,OUTER CIRCLE RAIL TRAIL,17 km,Easy - Medium
BELLFIELD Victoria,MAIN YARRA TRAIL,22 km,Easy - Medium
BELLFIELD Victoria,KOONUNG CREEK TRAIL,13.5 km ,Easy
BELLFIELD Victoria,MERRI CREEK TRAIL,21 km,Medium
BRUNSWICK EAST Victoria,MERRI CREEK TRAIL,21 km,Medium
BRUNSWICK EAST Victoria,CAPITAL CITY TRAIL,29 km ,Easy - Medium
BRUNSWICK EAST Victoria,MOONEE PONDS CREEK TRAIL,25 km,Easy
CARRUM Victoria,STATION TRAIL,6 km,Easy
CARRUM Victoria,BAY TRAIL,49.8 km,Easy
CARRUM Victoria,FERNDALE PARK TRAIL,2.4 km,Easy
SEDDON Victoria,SANDRIDGE RAIL TRAIL,3 km,Easy
SEDDON Victoria,FEDERATION TRAIL,23 km,Easy
SEDDON Victoria,MOONEE PONDS CREEK TRAIL,25 km,Easy
WERRIBEE Victoria,FEDERATION TRAIL,23 km,Easy
WERRIBEE Victoria,SANDRIDGE RAIL TRAIL,3 km,Easy
WERRIBEE Victoria,MOONEE PONDS CREEK TRAIL,25 km,Easy
BALACLAVA Victoria,BAY TRAIL,49.8 km,Easy
BALACLAVA Victoria,SANDRIDGE RAIL TRAIL,3 km,Easy
BALACLAVA Victoria,CAPITAL CITY TRAIL,29 km ,Easy - Medium
ALPHINGTON Victoria,CAPITAL CITY TRAIL,29 km ,Easy - Medium
ALPHINGTON Victoria,MERRI CREEK TRAIL,21 km,Medium
ALPHINGTON Victoria,MAIN YARRA TRAIL,22 km,Easy - Medium
SPOTSWOOD Victoria,SANDRIDGE RAIL TRAIL,3 km,Easy
SPOTSWOOD Victoria,FEDERATION TRAIL,23 km,Easy
SPOTSWOOD Victoria,MOONEE PONDS CREEK TRAIL,25 km,Easy
MOORABBIN Victoria,STATION TRAIL,6 km,Easy
MOORABBIN Victoria,BAY TRAIL,49.8 km,Easy
MOORABBIN Victoria,GARDINER'S CREEK TRAIL,17 km,Easy
RESEARCH Victoria,PLENTY RIVER TRAIL,12.3 km,Medium
RESEARCH Victoria,MAIN YARRA TRAIL,22 km,Easy - Medium
RESEARCH Victoria,KOONUNG CREEK TRAIL,13.5 km ,Easy
KINGSVILLE Victoria,FEDERATION TRAIL,23 km,Easy
KINGSVILLE Victoria,SANDRIDGE RAIL TRAIL,3 km,Easy
KINGSVILLE Victoria,MOONEE PONDS CREEK TRAIL,25 km,Easy
MARIBYRNONG Victoria,MOONEE PONDS CREEK TRAIL,25 km,Easy
MARIBYRNONG Victoria,SANDRIDGE RAIL TRAIL,3 km,Easy
MARIBYRNONG Victoria,FEDERATION TRAIL,23 km,Easy
TEMPLESTOWE Victoria,PLENTY RIVER TRAIL,12.3 km,Medium
TEMPLESTOWE Victoria,KOONUNG CREEK TRAIL,13.5 km ,Easy
TEMPLESTOWE Victoria,MAIN YARRA TRAIL,22 km,Easy - Medium
CAULFIELD Victoria,GARDINER'S CREEK TRAIL,17 km,Easy
CAULFIELD Victoria,FERNDALE PARK TRAIL,2.4 km,Easy
CAULFIELD Victoria,STATION TRAIL,6 km,Easy
OAK PARK Victoria,MOONEE PONDS CREEK TRAIL,25 km,Easy
OAK PARK Victoria,MERRI CREEK TRAIL,21 km,Medium
OAK PARK Victoria,CAPITAL CITY TRAIL,29 km ,Easy - Medium
BRIGHTON EAST Victoria,BAY TRAIL,49.8 km,Easy
BRIGHTON EAST Victoria,STATION TRAIL,6 km,Easy
BRIGHTON EAST Victoria,GARDINER'S CREEK TRAIL,17 km,Easy
OAKLEIGH EAST Victoria,STATION TRAIL,6 km,Easy
OAKLEIGH EAST Victoria,FERNDALE PARK TRAIL,2.4 km,Easy
OAKLEIGH EAST Victoria,GARDINER'S CREEK TRAIL,17 km,Easy
CARLTON Victoria,CAPITAL CITY TRAIL,29 km ,Easy - Medium
CARLTON Victoria,SANDRIDGE RAIL TRAIL,3 km,Easy
CARLTON Victoria,MERRI CREEK TRAIL,21 km,Medium
MELBOURNE Victoria,CAPITAL CITY TRAIL,29 km ,Easy - Medium
MELBOURNE Victoria,SANDRIDGE RAIL TRAIL,3 km,Easy
MELBOURNE Victoria,MERRI CREEK TRAIL,21 km,Medium
RIPPONLEA Victoria,BAY TRAIL,49.8 km,Easy
RIPPONLEA Victoria,GARDINER'S CREEK TRAIL,17 km,Easy
RIPPONLEA Victoria,SANDRIDGE RAIL TRAIL,3 km,Easy
GARDENVALE Victoria,BAY TRAIL,49.8 km,Easy
GARDENVALE Victoria,GARDINER'S CREEK TRAIL,17 km,Easy
GARDENVALE Victoria,STATION TRAIL,6 km,Easy
EAGLEMONT Victoria,MAIN YARRA TRAIL,22 km,Easy - Medium
EAGLEMONT Victoria,KOONUNG CREEK TRAIL,13.5 km ,Easy
EAGLEMONT Victoria,PLENTY RIVER TRAIL,12.3 km,Medium
BAYSWATER NORTH Victoria,KOONUNG CREEK TRAIL,13.5 km ,Easy
BAYSWATER NORTH Victoria,PLENTY RIVER TRAIL,12.3 km,Medium
BAYSWATER NORTH Victoria,FERNDALE PARK TRAIL,2.4 km,Easy
SOUTH YARRA Victoria,CAPITAL CITY TRAIL,29 km ,Easy - Medium
SOUTH YARRA Victoria,SANDRIDGE RAIL TRAIL,3 km,Easy
SOUTH YARRA Victoria,GARDINER'S CREEK TRAIL,17 km,Easy
